"Marca temporal","Edad ","Sexo","¿Te consideras indeciso?","¿Qué haces en tus ratos libres?","¿Qué tipos de juegos de mesa conoces? ","¿Qué tipo de juegos, juegas? (Responder en caso de que juegues a alguno)","¿Cómo decides a que jugar? (Responder en caso de que juegues a alguno)","¿Te gustaría jugar más a juegos de mesa?","¿Te gustaría que la app te recomendara juegos de mesa a los que puedas jugar con el material que puedas encontrar en tu casa?","¿Te gustaría que la app también te pudiera recomendar otro tipo de juegos? (Videojuegos, juegos para móbil...)","¿Qué tipo de jugador eres?","¿Cuánto tiempo llevas en el mundo de los juegos de mesa?","¿Te has visto a veces en la situación de no saber a qué jugar?","¿Te gustaría que una APP te ayudara a escoger el juego?","¿Te gustaría poder subir los resultados de tus partidas?","¿Compartirías tus partidas en las redes sociales?","¿Te gustaría poder ver a otros usuarios que juegan a tus juegos favoritos?","¿Si tuvieras o pudieras crear una APP de este tipo de ámbito, que funcionalidades te gustaría que tuviese?","¿Te gustaría recibir un aviso cuando la aplicación esté disponible? (Indica tu email)","Añade tu correo"
"2018/03/19 12:38:19 p. m. GMT","Entre 21 - 30 años","Hombre","Sí","Videojuegos;Salir con los amigos","Clásicos (Parchís, damas, ajedrez...)","Ajedrez, Monopoly, parchís","Lo discuto con las personas con las que vamos a jugar","Tal vez","No","","","","","","","","","","Si","alexgarciacarballo@gmail.com"
"2018/03/19 12:55:17 p. m. GMT","Entre 16 - 20 años","Hombre","No","Deporte;Salir con los amigos","Clásicos (Parchís, damas, ajedrez...)","Parchis, billar....","Depende lo que me venga en gana","Sí","Sí","","","","","","","","","","No",""
"2018/03/19 12:57:26 p. m. GMT","Entre 21 - 30 años","Mujer","Sí","Juegos de mesa;Videojuegos;Salir con los amigos","Clásicos y Modernos (Catan, Carcassone...)","Catan, bang, smash up, entrando en la mazmorra. ","","Tal vez","Sí","","Principiante","3 - 6 años","Sí","Sí","Sí","No","","un control de las partidas jugadas","Si","Anaelotalora@hotmail.com"
"2018/03/19 12:59:43 p. m. GMT","Entre 16 - 20 años","Hombre","No","Salir con los amigos","Clásicos y Modernos (Catan, Carcassone...)","","Diciendo varias opciones y poniendonos de acuerdo entre los que vamos a jugar","Sí","Sí","","Principiante","1 - 2 años","Sí","Sí","Tal vez","Tal vez","","","Si","perezruizabril@gmail.com"
"2018/03/19 1:14:51 p. m. GMT","Entre 21 - 30 años","Hombre","Sí","Ver series ","Clásicos y Modernos (Catan, Carcassone...)","Parchis ","Elegimos en grupo","Sí","Sí","","Principiante","Más de 6 años","Sí","Sí","Tal vez","Tal vez","","","No",""
"2018/03/19 1:18:59 p. m. GMT","Entre 21 - 30 años","Mujer","Sí","Salir con los amigos","Clásicos (Parchís, damas, ajedrez...)","Juegos de mesa","","Sí","Sí","","","","","","","","","","Si","Rakelsanchez87@hotmail.com"
"2018/03/19 1:25:19 p. m. GMT","Entre 21 - 30 años","Mujer","Sí","Salir con los amigos","Clásicos y Modernos (Catan, Carcassone...)","Estrategia","Según la compañía ","Tal vez","Sí","","Casual","Más de 6 años","Sí","Sí","Sí","Tal vez","Opción 1","","Si","saan.o2@hotmail.com"
"2018/03/19 1:48:05 p. m. GMT","Entre 21 - 30 años","Mujer","Sí","Salir con los amigos","Clásicos y Modernos (Catan, Carcassone...)","","","Tal vez","Sí","","Casual","Más de 6 años","Sí","Tal vez","Sí","Tal vez","Opción 1","","No",""
"2018/03/19 2:05:41 p. m. GMT","Entre 31 - 50 años","Hombre","No","Deporte","Clásicos (Parchís, damas, ajedrez...)","Tabú","Por la compañía","Tal vez","Sí","","","","","","","","","","Si","llugalluga@hotmail.com"
"2018/03/19 2:21:21 p. m. GMT","Mayores de 50","Mujer","Sí","Descansar","Clásicos (Parchís, damas, ajedrez...)","Quizz","Los que más me gustan a mi","Sí","Sí","","","","","","","","","","Si","Consti.perez@hotmail.com"
"2018/03/19 3:10:44 p. m. GMT","Entre 16 - 20 años","Mujer","Sí","Salir con los amigos","Clásicos (Parchís, damas, ajedrez...)","Cartas y parchis","Depende de con quien juegue ","No","No","","","","","","","","","","No",""
"2018/03/19 3:55:55 p. m. GMT","Entre 16 - 20 años","Mujer","Sí","Salir con los amigos","Clásicos (Parchís, damas, ajedrez...)","Cluedo, monopoly...","Depende ","Tal vez","Sí","","","","","","","","","","Si","taniapeca@hotmail.es"
"2018/03/19 4:54:28 p. m. GMT","Entre 16 - 20 años","Mujer","Sí","Salir con los amigos","Clásicos (Parchís, damas, ajedrez...)","","","Sí","Sí","","","","","","","","","","No",""
"2018/03/19 6:09:47 p. m. GMT","Entre 21 - 30 años","Hombre","No","Deporte;Videojuegos;Salir con los amigos","Clásicos (Parchís, damas, ajedrez...)","","","Sí","Sí","","","","","","","","","","No",""
"2018/03/19 6:45:45 p. m. GMT","Entre 16 - 20 años","Hombre","Sí","Deporte","Clásicos (Parchís, damas, ajedrez...)","Clash royale","","Tal vez","Sí","","","","","","","","","","No",""
"2018/03/19 8:27:57 p. m. GMT","Entre 21 - 30 años","Mujer","No","Juegos de mesa;Deporte;Salir con los amigos","Clásicos y Modernos (Catan, Carcassone...)","Cartas, risk, pasapalabra...","Depende con quien me encuentre","Sí","Sí","","Experto","Más de 6 años","No","Sí","Tal vez","No","No","Conocer el juego que más acorde sea al momento ","No",""
"2018/03/19 9:52:23 p. m. GMT","Entre 16 - 20 años","Mujer","Sí","Deporte","Clásicos (Parchís, damas, ajedrez...)","","","Sí","Sí","","","","","","","","","","No",""
"2018/03/19 9:56:12 p. m. GMT","Entre 21 - 30 años","Hombre","No","Deporte;Videojuegos;Salir con los amigos","Clásicos y Modernos (Catan, Carcassone...)","Billar ","","Sí","Sí","","Casual","3 - 6 años","Sí","Sí","Sí","Sí","Si","Buenos graficos","Si","adriancitoo95@gmail.com"
"2018/03/19 10:13:24 p. m. GMT","Entre 16 - 20 años","Mujer","Sí","Salir con los amigos","Clásicos y Modernos (Catan, Carcassone...)","De mesa ","","Sí","Sí","","Casual","1 - 2 años","Sí","Sí","Sí","Sí","Si","","No",""
"2018/03/19 10:20:02 p. m. GMT","Entre 21 - 30 años","Hombre","Sí","Juegos de mesa;Deporte;Videojuegos;Salir con los amigos","Clásicos y Modernos (Catan, Carcassone...)","Risk, Taboo,","Dependiendo lo que decidamos los que vayamos a jugar","Tal vez","Sí","","Casual","3 - 6 años","Sí","Sí","Sí","Sí","Si","Ranking por puntuaciones de los amigos en común que juegan a los mismos juegos","Si","leonmarc88@hotmail.com"
"2018/03/19 10:21:43 p. m. GMT","Entre 21 - 30 años","Hombre","Sí","Juegos de mesa;Videojuegos;Salir con los amigos","Clásicos (Parchís, damas, ajedrez...)","","","Sí","Sí","","","","","","","","","","Si","cruzwilliam19@gmail.com"
"2018/03/19 10:34:04 p. m. GMT","Entre 21 - 30 años","Mujer","No","Juegos de mesa;Videojuegos","Ninguno","Màgic y videojuegos (pc+play) ","Dependiendo de la compañía ","No","Sí","","","","","","","","","","No",""
"2018/03/19 10:37:02 p. m. GMT","Entre 16 - 20 años","Mujer","No","Deporte;Videojuegos;Salir con los amigos","Clásicos (Parchís, damas, ajedrez...)","","Dependiendo de las personas que quieran jugar","Tal vez","Sí","","","","","","","","","","Si","Evelyn.nicol25602912@gmail.com"
"2018/03/19 10:37:50 p. m. GMT","Entre 21 - 30 años","Hombre","Sí","Juegos de mesa;Videojuegos","Clásicos y Modernos (Catan, Carcassone...)","RPG's, Plataformas, juegos de Lucha, Aventuras gráficas, Hack & Slash entre otros.","Según me apetece, depende del día.","Sí","No","","Experto","3 - 6 años","Sí","Sí","Sí","No","Si","Listado de juegos, valoraciones, poder organizar la biblioteca de juegos pendientes en orden de prioridad, poder marcar los juegos deseados con fechas de futuros lanzamientos, etc.","No",""
"2018/03/19 10:38:05 p. m. GMT","Entre 16 - 20 años","Mujer","No","Juegos de mesa","Clásicos y Modernos (Catan, Carcassone...)","","","Sí","Sí","","Casual","3 - 6 años","No","Sí","Sí","Tal vez","Si","","Si","Camiiarrd@hotmail.com"
"2018/03/19 10:38:21 p. m. GMT","Entre 21 - 30 años","Hombre","No","Videojuegos","Clásicos y Modernos (Catan, Carcassone...)","Magic","Según las personas que haya","No","Sí","","Casual","1 - 2 años","Sí","Sí","Tal vez","No","No","","No",""
"2018/03/19 10:52:03 p. m. GMT","Entre 16 - 20 años","Mujer","Sí","Miles de cosas. Musica, dormir, compras, cine..","Clásicos (Parchís, damas, ajedrez...)","Parchís ","En familia","Sí","Sí","","","","","","","","","","Si","noe.rema@gmail.com"
"2018/03/19 11:32:17 p. m. GMT","Entre 21 - 30 años","Hombre","Sí","Salir con los amigos;Ver series, pelis, videos, ...","Clásicos y Modernos (Catan, Carcassone...)","juegos de pruevas o azertijos, por ejemplo, party & co o black stories","Prefiero jugar a juegos que nunca haya jugado.","Sí","Sí","","Casual","Más de 6 años","Sí","Sí","No","No","Si","Recomendación de juegos nuevos que no conozca y valoraciones de la gente para cada uno.","No",""
"2018/03/20 4:37:50 p. m. GMT","Entre 21 - 30 años","Hombre","Sí","Deporte;Videojuegos;Salir con los amigos","Clásicos (Parchís, damas, ajedrez...)","","","Sí","Sí","","","","","","","","","","Si","gopal30@gmail.com"
"2018/03/20 6:26:18 p. m. GMT","Entre 21 - 30 años","Mujer","No","Juegos de mesa;Deporte;Salir con los amigos;Cuidar y pasear animales. Música. ","Clásicos y Modernos (Catan, Carcassone...)","Party and ko, ajedrez, parchís, pasapalabra, rummicub...","Por voluntad propia, o por recomendación","Sí","Sí","","Experto","Más de 6 años","No","Sí","Sí","Sí","Si","Recomendación de juegos, resultados de las partidas, jugar a distancia..","Si","clarimagine@gmail.com"
"2018/03/20 6:56:25 p. m. GMT","Entre 31 - 50 años","Hombre","No","Deporte","Clásicos (Parchís, damas, ajedrez...)","Baraja española","Es tradición","Tal vez","No","","","","","","","","","","No",""
"2018/03/20 6:57:19 p. m. GMT","Entre 21 - 30 años","Hombre","No","Salir con los amigos","Clásicos (Parchís, damas, ajedrez...)","","","No","No","","","","","","","","","","No",""
"2018/03/20 7:13:57 p. m. GMT","Entre 31 - 50 años","Hombre","No","Lo","Clásicos (Parchís, damas, ajedrez...)","","","Tal vez","No","","","","","","","","","","No",""
"2018/03/20 7:21:51 p. m. GMT","Entre 31 - 50 años","Mujer","Sí","Juegos de mesa","Clásicos y Modernos (Catan, Carcassone...)","Principalmente abstractos y eurogames","Depende del grupo y del tiempo disponible","Sí","No","","Experto","Más de 6 años","Sí","Sí","Sí","No","Si","De los juegos que tengo, a cuales no he jugado los ultimos seis meses.","Si","rmcivico@gmail.com"
"2018/03/20 7:22:25 p. m. GMT","Entre 21 - 30 años","Hombre","Sí","Salir con los amigos","Clásicos (Parchís, damas, ajedrez...)","","","Sí","Sí","","","","","","","","","","No",""
"2018/03/20 7:23:09 p. m. GMT","Entre 21 - 30 años","Hombre","No","Deporte;Videojuegos;Salir con los amigos","Clásicos y Modernos (Catan, Carcassone...)","","","Tal vez","Sí","","Casual","1 - 2 años","No","Sí","Sí","No","Si","clasificacion por tipo de juego, edades..","No",""
"2018/03/20 7:29:30 p. m. GMT","Entre 21 - 30 años","Hombre","No","Juegos de mesa;Videojuegos;Salir con los amigos","Clásicos y Modernos (Catan, Carcassone...)","Rol, azar","Consenso, aunque cuesta","Sí","Sí","","Experto","3 - 6 años","Sí","Sí","Sí","Sí","Si","Reviews de otros usuarios. Instrucciones y modos de juego alternativos. Geolocalziación para interactuar. La posibilidad de quedar con jugadores de tu zona","Si","esorpoetry@gmail.com"
"2018/03/20 7:30:07 p. m. GMT","Entre 21 - 30 años","Hombre","No","Deporte;Llegir","Clásicos (Parchís, damas, ajedrez...)","Parchís, ajedrez, damas","Según el tiempo del que disponga y las ganas que tenga de usar el intelecto","Tal vez","Sí","","","","","","","","","","Si","albertorubi96@gmail.com "
"2018/03/20 7:51:51 p. m. GMT","Entre 21 - 30 años","Hombre","Sí","Deporte;Salir con los amigos","Clásicos (Parchís, damas, ajedrez...)","De estrategia y los clasicos","Depende de los amigos y del nivel de ellos","Sí","Sí","","","","","","","","","","No",""
"2018/03/20 8:11:51 p. m. GMT","Entre 21 - 30 años","Mujer","No","Salir con los amigos","Clásicos y Modernos (Catan, Carcassone...)","Los hombres lobo de castronegro","Siempre jugamos a ese q es el q tenemos","Tal vez","No","","Experto","Más de 6 años","No","Tal vez","No","No","No","No lo he pensado","No",""
"2018/03/20 8:27:04 p. m. GMT","Entre 21 - 30 años","Mujer","Sí","Series","Clásicos (Parchís, damas, ajedrez...)","Parchis","","Tal vez","Sí","","","","","","","","","","Si","aida_bichita888@hotmail.com"
"2018/03/20 9:59:58 p. m. GMT","Entre 16 - 20 años","Hombre","Sí","Salir con los amigos","Clásicos (Parchís, damas, ajedrez...)","Parchís y cartas","Por lo que me gusta","Tal vez","Sí","","","","","","","","","","No",""
"2018/03/21 12:24:22 p. m. GMT","Entre 21 - 30 años","Hombre","Sí","Deporte;Salir con los amigos","Clásicos (Parchís, damas, ajedrez...)","Parchis, damas, cartas ","Depende del momento ","Sí","Sí","","","","","","","","","","No",""
"2018/03/21 12:45:44 p. m. GMT","Entre 21 - 30 años","Hombre","No","Salir con los amigos","Clásicos (Parchís, damas, ajedrez...)","Poker, UNO","Dependiendo los amigos que nos juntemos","No","Sí","Sí","","","","","","","","","Si","Jordidelcor10@gmail.com"
"2018/03/21 12:50:55 p. m. GMT","Entre 21 - 30 años","Hombre","No","Salir con los amigos","Clásicos (Parchís, damas, ajedrez...)","Habitualmente a ninguno, puntualmente juegos en grupo de cartas","En reuniones con amigos","No","Sí","Sí","","","","","","","","","Si","Albert.gil.diaz@gmail.com"
"2018/03/21 12:52:53 p. m. GMT","Entre 21 - 30 años","Hombre","Sí","Juegos de mesa;Deporte;Videojuegos;Salir con los amigos","Clásicos y Modernos (Catan, Carcassone...)","Cooperativos y Competitivos, de Estrategia, de azar... ","Depende el numero de jugadores y el tipo de jugadores.","Sí","Sí","Sí","Principiante","3 - 6 años","No","Tal vez","Sí","Tal vez","Si","Jugar a distancia con amigxs","Si","polarandagirona@gmail.com"
"2018/03/21 12:58:20 p. m. GMT","Entre 21 - 30 años","Hombre","Sí","Deporte;Videojuegos;Salir con los amigos;Pajas","Clásicos y Modernos (Catan, Carcassone...)","","Bang ","Tal vez","Sí","Sí","Casual","Más de 6 años","Sí","Sí","Tal vez","Tal vez","Si","Usuarios, listas de amigos, últimos juegos a los que he jugado o mis amigos han jugado, un tablón con recomendaciones de otros jugadores, un ranking de los juegos más jugados en la última semana o último mes, etc. ","Si","Bcnking@gmail.com "
"2018/03/21 12:58:52 p. m. GMT","Entre 21 - 30 años","Hombre","No","Juegos de mesa;Deporte;Videojuegos;Salir con los amigos","Clásicos y Modernos (Catan, Carcassone...)","De rol tipo Chtulu y también juegos de cartas tipo Catan, Munshkin,etc","Entre los que vamos a jugar lo que mas nos apetezca","Tal vez","Sí","Sí","Principiante","3 - 6 años","Sí","Tal vez","No","Tal vez","Si","Una buena explicación de cada juego para saber si realmente te interesa o no el juego.","Si","mikirbls@gmail.com"
"2018/03/21 1:02:04 p. m. GMT","Entre 21 - 30 años","Hombre","Sí","Videojuegos","Clásicos (Parchís, damas, ajedrez...)","Fortnite","","No","Sí","Sí","","","","","","","","","No",""
"2018/03/21 1:06:13 p. m. GMT","Entre 21 - 30 años","Hombre","No","Deporte;Salir con los amigos","Clásicos (Parchís, damas, ajedrez...)","Oca","Cuando no hay nada más que hacer.","No","No","No","","","","","","","","","Si","puyol_bilal@hotmail.com"
"2018/03/21 1:18:03 p. m. GMT","Entre 21 - 30 años","Mujer","Sí","Juegos de mesa;Salir con los amigos;Muntanya","Clásicos y Modernos (Catan, Carcassone...)","Rol, mesa (death of winter, bang, catan, agricola...)","Reunint gent per jugar","Sí","Sí","No","Casual","Más de 6 años","No","Tal vez","No","No","No","No lo se...","No",""
"2018/03/21 1:20:48 p. m. GMT","Entre 21 - 30 años","Mujer","Sí","Videojuegos","Clásicos (Parchís, damas, ajedrez...)","Cartas del uno","","Tal vez","Sí","Sí","","","","","","","","","No",""
"2018/03/21 1:22:19 p. m. GMT","Entre 21 - 30 años","Otro","Sí","Cocinar kebabs en mi nuevo restaurante ","Ninguno","Operation Kibab, kebabssone, ","Depende si me apetece mixto, pillo o ternera ","Sí","Sí","No","","","","","","","","","No",""
"2018/03/21 1:22:38 p. m. GMT","Entre 21 - 30 años","Hombre","No","Deporte;Videojuegos;Salir con los amigos","Clásicos (Parchís, damas, ajedrez...)","","","Tal vez","Sí","Sí","","","","","","","","","No",""
"2018/03/21 1:26:30 p. m. GMT","Entre 21 - 30 años","Mujer","Sí","Salir con los amigos","Clásicos (Parchís, damas, ajedrez...)","","","Sí","Sí","No","","","","","","","","","No",""
"2018/03/21 1:36:40 p. m. GMT","Entre 21 - 30 años","Hombre","No","Deporte;Salir con los amigos","Clásicos (Parchís, damas, ajedrez...)","","","Tal vez","Sí","No","","","","","","","","","No",""
"2018/03/21 1:37:20 p. m. GMT","Entre 21 - 30 años","Hombre","No","Deporte;Salir con los amigos","Clásicos (Parchís, damas, ajedrez...)","","","No","Sí","Sí","","","","","","","","","No",""
"2018/03/21 2:12:13 p. m. GMT","Entre 21 - 30 años","Hombre","No","Deporte;Videojuegos;Salir con los amigos","Clásicos y Modernos (Catan, Carcassone...)","","","Sí","Sí","Sí","Casual","Más de 6 años","Sí","Tal vez","No","Tal vez","Si","Online","No",""
"2018/03/21 2:32:55 p. m. GMT","Entre 21 - 30 años","Mujer","No","Juegos de mesa;Deporte;Videojuegos;Salir con los amigos","Clásicos (Parchís, damas, ajedrez...)","","","Sí","Sí","Sí","","","","","","","","","Si",""
"2018/03/21 2:41:56 p. m. GMT","Entre 21 - 30 años","Mujer","Sí","Deporte;Salir con los amigos","Clásicos (Parchís, damas, ajedrez...)","","","Sí","Sí","Sí","","","","","","","","","No",""
"2018/03/21 3:37:17 p. m. GMT","Entre 21 - 30 años","Hombre","Sí","Salir con los amigos","Clásicos (Parchís, damas, ajedrez...)","","","Sí","Sí","Sí","","","","","","","","","No",""
"2018/03/21 3:39:41 p. m. GMT","Entre 21 - 30 años","Mujer","Sí","Juegos de mesa;Salir con los amigos","Clásicos y Modernos (Catan, Carcassone...)","Parchis, poker, carcassone, virus, jungle speed, dixit","Preguntando a la persona conla cuál voy a jugar, a qué quiere jugar ella","Sí","Sí","Sí","Principiante","3 - 6 años","No","Sí","Sí","No","Si","Consejos, trucos de los juegos, expansiones...","Si","martacm96@gmail.com"
"2018/03/21 3:46:47 p. m. GMT","Entre 21 - 30 años","Mujer","Sí","Juegos de mesa;Salir con los amigos","Clásicos y Modernos (Catan, Carcassone...)","Todos","Consenso","Sí","Sí","No","Principiante","Más de 6 años","Sí","Sí","Tal vez","No","Si","Recomendacion de juegos","Si","Evatrisquez@gmail.com"
"2018/03/21 6:00:05 p. m. GMT","Entre 21 - 30 años","Otro","Sí","Esquí de fondo, comer kebabs, pajas, ir a Menorca, cruzar el estrecho en patera, vender kebabs, pajas otra vez, llamar al Nau, esperar a mi novia en el aula de estudio, comprar mocasines en el Massimo duti y pajas. ","Clásicos y Modernos (Catan, Carcassone...)","Juego al kebator, que es un genio que adivina de que es tu kebab.","En la pregunta de abajo donde pone la recomendación de juegos con material casero, te refieres a cocinar droga? ","Sí","No","Sí","Casual","1 - 2 años","Sí","Sí","Sí","Sí","Si","Que exolote, ","No",""
"2018/03/21 6:03:05 p. m. GMT","Entre 16 - 20 años","Mujer","Sí","Salir con los amigos","Clásicos (Parchís, damas, ajedrez...)","Cartas, plataformas ","","Sí","No","Sí","","","","","","","","","No",""
"2018/03/21 6:13:34 p. m. GMT","Entre 21 - 30 años","Hombre","No","Juegos de mesa;Deporte;Videojuegos;Salir con los amigos","Clásicos y Modernos (Catan, Carcassone...)","Catan, Monopoly.","Votación popular.","Tal vez","No","No","Casual","Más de 6 años","No","No","No","No","No","-","No",""
"2018/03/21 6:35:36 p. m. GMT","Menor de 16 años","Otro","Sí","Pajas","Ninguno","Mover la candela","depende de la página porno","Sí","Sí","Sí","","","","","","","","","No",""
"2018/03/21 7:50:40 p. m. GMT","Entre 21 - 30 años","Hombre","Sí","Salir con los amigos;Tocar Instrumento","Clásicos y Modernos (Catan, Carcassone...)","","","No","Sí","Sí","Casual","Más de 6 años","Sí","Sí","Tal vez","No","Si","Recomendarme juegos, ver juegos jugados por otros usuarios, etc.","No",""
"2018/03/21 7:58:59 p. m. GMT","Entre 21 - 30 años","Mujer","Sí","Juegos de mesa;Salir con los amigos","Clásicos y Modernos (Catan, Carcassone...)","Parchis, poker, carcassone, virus, jungle speed, dixit","Preguntando a la persona conla cuál voy a jugar, a qué quiere jugar ella","Sí","Sí","Sí","Principiante","3 - 6 años","No","Sí","Sí","No","Si","Consejos, trucos de los juegos, expansiones...","Si","martacm96@gmail.com"
"2018/03/22 8:20:41 a. m. GMT","Entre 21 - 30 años","Hombre","Sí","Deporte;Salir con los amigos","Clásicos (Parchís, damas, ajedrez...)","Parchis, uno","Depende del tiempo","Tal vez","Sí","Sí","","","","","","","","","No",""
"2018/03/22 10:33:16 a. m. GMT","Entre 16 - 20 años","Mujer","Sí","Salir con los amigos","Clásicos (Parchís, damas, ajedrez...)","","","Tal vez","Sí","Sí","","","","","","","","","No",""
"2018/03/22 10:33:40 a. m. GMT","Entre 16 - 20 años","Mujer","Sí","Leer","Clásicos (Parchís, damas, ajedrez...)","","","Tal vez","Sí","Sí","","","","","","","","","No",""
"2018/03/22 10:33:50 a. m. GMT","Entre 16 - 20 años","Mujer","No","Salir con los amigos;Television","Clásicos (Parchís, damas, ajedrez...)","","","Sí","No","No","","","","","","","","","No",""
"2018/03/22 10:33:53 a. m. GMT","Entre 16 - 20 años","Mujer","Sí","Salir con los amigos","Clásicos (Parchís, damas, ajedrez...)","","","Sí","Sí","Sí","","","","","","","","","Si",""
"2018/03/22 10:34:30 a. m. GMT","Entre 16 - 20 años","Mujer","Sí","Salir con los amigos","Clásicos y Modernos (Catan, Carcassone...)","","","Tal vez","No","No","Casual","3 - 6 años","Sí","Tal vez","No","No","No","Enseñar juegos nuevos","No",""
"2018/03/22 10:35:07 a. m. GMT","Entre 16 - 20 años","Mujer","Sí","Salir con los amigos","Clásicos (Parchís, damas, ajedrez...)","","","Sí","Sí","Sí","","","","","","","","","No",""
"2018/03/22 10:37:30 a. m. GMT","Entre 16 - 20 años","Mujer","Sí","Salir con los amigos","Clásicos (Parchís, damas, ajedrez...)","Parchis","","Tal vez","Sí","Sí","","","","","","","","","No",""