<?xml version="1.0" encoding="UTF-8"?>

<configuration>
  <appender name="stdout" class="ch.qos.logback.core.ConsoleAppender">
    <Target>System.out</Target>
    <encoder>
      <pattern>%d{yyyy-MM-dd HH:mm:ss} %-5p %c{1}:%L - %m%n</pattern>
    </encoder>
  </appender>
  <appender name="file" class="ch.qos.logback.core.rolling.RollingFileAppender">
    <!--See also http://logback.qos.ch/manual/appenders.html#RollingFileAppender-->
    <!--<File>log4j-application.log</File>-->
    <encoder>
      <pattern>%d{yyyy-MM-dd HH:mm:ss} %-5p %c{1}:%L - %m%n</pattern>
    </encoder>
    <!--<rollingPolicy class="ch.qos.logback.core.rolling.FixedWindowRollingPolicy">
      <maxIndex>10</maxIndex>
      <FileNamePattern>log4j-application.log.%i</FileNamePattern>
    </rollingPolicy>-->
    <!--<file>${USER_HOME}/logfile.log</file>-->
    <rollingPolicy class="ch.qos.logback.core.rolling.TimeBasedRollingPolicy">      
      <fileNamePattern>aquejugamosLOG.%d.log</fileNamePattern>
    </rollingPolicy>
    <triggeringPolicy class="ch.qos.logback.core.rolling.SizeBasedTriggeringPolicy">
      <MaxFileSize>5MB</MaxFileSize>
    </triggeringPolicy>
  </appender>
  <root level="debug">
    <appender-ref ref="stdout"/>
    <appender-ref ref="file"/>
  </root>
  
  <!--<logger name="com.aquejugamos.DAO.MysqlDAOFactory" level="debug"/>-->
  
  <!-- modify level to specify class -->
  <!-- <logger name="timeTracker.Client" level="info"/>  -->
</configuration>